"File ID","Url Alias","Image","Alt","Title","Name"
"649","/images/ruby-town-country","http://52.8.25.218/sites/default/files/images/all/town_and_country_ruby_3_0.jpg","Ruby Gown in Town & Country -  Amy Kuschel Bride  ","Ruby Gown in Town & Country -  Amy Kuschel Bride ","Ruby in Town & Country"
"650","/images/audrey-tiffanys","http://52.8.25.218/sites/default/files/images/all/audrey_tiffany_1.jpg","Audrey Gown in Modern Bride  -  Amy Kuschel Bride  ","Audrey Gown in Modern Bride  -  Amy Kuschel Bride ","Audrey at Tiffany's"
"651","/images/gracia-editorial","http://52.8.25.218/sites/default/files/images/all/Gracia_elegant_bride_2009.jpg","Gracia in Elegant Bride Spring 2009 -  Amy Kuschel Bride  ","Gracia in Elegant Bride Spring 2009 -  Amy Kuschel Bride ","Gracia Editorial"
"652","/images/rosalyn-editorial","http://52.8.25.218/sites/default/files/images/all/Rosalyn_0.jpg","Rosalyn Gown in Martha Stewart Weddings - Amy Kuschel Bride  ","Rosalyn Gown in Martha Stewart Weddings - Amy Kuschel Bride ","Rosalyn Editorial"
"653","/images/bliss-iii-editorial","http://52.8.25.218/sites/default/files/images/all/instyle_2009_0.jpg","Bliss III Gown featured in InStyle Weddings Spring 2009  -  Amy Kuschel Bride  ","Bliss III Gown featured in InStyle Weddings Spring 2009  -  Amy Kuschel Bride ","Bliss III Editorial"
"655","/images/tandie-editorial","http://52.8.25.218/sites/default/files/images/all/Tandie_modern_bride_2009_0.jpg","Tandie worn by Tiffany Rillon in Modern Bride Winter 2009 ","Tandie worn by Tiffany Rillon in Modern Bride Winter 2009","Tandie Editorial"
"637","/images/deco-cap-editorial","http://52.8.25.218/sites/default/files/images/all/deco_cap_modern_bride.jpg","Deco Cap in Modern Bride -  Amy Kuschel Bride  ","Deco Cap in Modern Bride -  Amy Kuschel Bride ","Deco Cap Editorial"
"654","/images/brenna-editorial","http://52.8.25.218/sites/default/files/images/all/LA_Mag_Photo_0.jpg","Brenna Gown in Los Angeles Weddings  -  Amy Kuschel Bride  ","Brenna Gown in Los Angeles Weddings  -  Amy Kuschel Bride ","Brenna Editorial"
"639","/images/muse-editorial","http://52.8.25.218/sites/default/files/images/all/modern-bride-june-july-2009.jpg","Muse in Modern Bride Spring 2009 - -  Amy Kuschel Bride  ","Muse in Modern Bride Spring 2009 - -  Amy Kuschel Bride ","Muse Editorial"
"656","/images/muse-editorial-ii","http://52.8.25.218/sites/default/files/images/all/muse_bridal_guide.jpg","Muse in Bridal Guide Winter 2009 -  Amy Kuschel Bride  ","Muse in Bridal Guide Winter 2009 -  Amy Kuschel Bride ","Muse Editorial II"
"657","/images/sofia-editorial","http://52.8.25.218/sites/default/files/images/all/sofia-the-knot.jpg","Sofia in The Knot Magazine 2008 -  Amy Kuschel Bride  ","Sofia in The Knot Magazine 2008 -  Amy Kuschel Bride ","Sofia Editorial"
"658","/images/lauryn-editorial","http://52.8.25.218/sites/default/files/images/all/lauryn-todays-bride.jpg","Lauryn Gown  -  Amy Kuschel Bride  ","Lauryn Gown  -  Amy Kuschel Bride ","Lauryn Editorial"
"659","/images/morgan-editorial","http://52.8.25.218/sites/default/files/images/all/morgan-charlston-weddings.jpg","Morgan in Charlston Weddings -  Amy Kuschel Bride  ","Morgan in Charlston Weddings -  Amy Kuschel Bride ","Morgan Editorial"
"660","/images/genevieve-seattle-bride-magazine","http://52.8.25.218/sites/default/files/images/all/genevieve-seattle-bride.jpg","Genevieve Seattle Bride Magazine  -  Amy Kuschel Bride  ","Genevieve Seattle Bride Magazine -  Amy Kuschel Bride ","Genevieve Seattle Bride Magazine"
"661","/images/cookie-knot-magazine","http://52.8.25.218/sites/default/files/images/all/cookie-the-knot-mag.jpg","Cookie - The Knot Magazine -  Amy Kuschel Bride  ","Cookie - The Knot Magazine -  Amy Kuschel Bride ","Cookie - The Knot Magazine"
"662","/images/lucy-elegant-bride","http://52.8.25.218/sites/default/files/images/all/lucy-elegant-bride.jpg","Lucy in Elegant Bride -  Amy Kuschel Bride  ","Lucy in Elegant Bride -  Amy Kuschel Bride ","Lucy in Elegant Bride"
"663","/images/sofia-weddings-unveiled","http://52.8.25.218/sites/default/files/images/all/sofia-weddings-unveiled.jpg","Sofia in Weddings Unveiled -  Amy Kuschel Bride  ","Sofia in Weddings Unveiled -  Amy Kuschel Bride ","Sofia in Weddings Unveiled"
"664","/images/beaded-crystal-belt","http://52.8.25.218/sites/default/files/images/all/beaded-belt-town-country.jpg","Beaded Crystal Belt in Town & Country -  Amy Kuschel Bride  ","Beaded Crystal Belt in Town & Country -  Amy Kuschel Bride ","Beaded Crystal Belt"
"665","/images/sofia-cover-knot-magazine","http://52.8.25.218/sites/default/files/images/all/sofia-the-kno-cover-2008t.jpg","Sofia on Cover of The Knot Magazine -  Amy Kuschel Bride  ","Sofia on Cover of The Knot Magazine-  Amy Kuschel Bride ","Sofia on Cover of The Knot Magazine"
"666","/images/san-francisco-chronicle-magazine","http://52.8.25.218/sites/default/files/images/all/san-francisco-chronicle-mag.jpg","San Francisco Chronicle  -  Amy Kuschel Bride  ","San Francisco Chronicle  -  Amy Kuschel Bride ","San Francisco Chronicle Magazine"
"668","/images/betsy-editorial","http://52.8.25.218/sites/default/files/images/all/betsy-banjo.jpg","Betsy gown -  Amy Kuschel Bride  ","Betsy gown -  Amy Kuschel Bride ","Betsy Editorial"
"762","/images/benefit-bride-groom-summer-2009","http://52.8.25.218/sites/default/files/images/all/bride-and-groom-benefit.jpg","Benefit in Bride & Groom Summer 2009  -  Amy Kuschel Bride  ","Benefit in Bride & Groom Summer 2009  -  Amy Kuschel Bride ","Benefit in Bride & Groom Summer 2009"
"763","/images/harper-bride-groom-summer-2009","http://52.8.25.218/sites/default/files/images/all/bride-and-groom-harper.jpg","Harper in Bride & Groom Summer 2009 -  Amy Kuschel Bride  ","Harper in Bride & Groom Summer 2009 -  Amy Kuschel Bride ","Harper in Bride & Groom Summer 2009"
"771","/images/hepburn-charlston-weddings","http://52.8.25.218/sites/default/files/images/all/charleston_weddings_hepburn.jpg","Hepburn In Charlston Weddings -  Amy Kuschel Bride  ","Hepburn In Charlston Weddings -  Amy Kuschel Bride ","Hepburn In Charlston Weddings"
"776","/images/astaire-martha-stewart","http://52.8.25.218/sites/default/files/images/all/astaire-kds-in-martha-stewart.jpg","Astaire in Martha Stewart-  Amy Kuschel Bride  ","Astaire in Martha Stewart -  Amy Kuschel Bride ","Astaire in Martha Stewart"
"777","/images/leigh-grace-ormonde","http://52.8.25.218/sites/default/files/images/all/leigh-grace-ormonde.jpg","Leigh in Grace Ormonde -  Amy Kuschel Bride  ","Leigh in Grace Ormonde -  Amy Kuschel Bride ","Leigh in Grace Ormonde"
"778","/images/dietrich-unveiled-weddings","http://52.8.25.218/sites/default/files/images/all/dietrich_weddings_unveiled.jpg","Dietrich in Unveiled Weddings -  Amy Kuschel Bride  ","Dietrich in Unveiled Weddings -  Amy Kuschel Bride ","Dietrich in Unveiled Weddings"
"780","/images/carmen-martha-stewart","http://52.8.25.218/sites/default/files/images/all/carmen-in-martha-stewart_0.jpg","Carmen in Martha Stewart -  Amy Kuschel Bride  ","Carmen in Martha Stewart -  Amy Kuschel Bride ","Carmen in Martha Stewart"
"787","/images/muse-well-wed-magazine","http://52.8.25.218/sites/default/files/images/all/muse-wellwed.jpg","Muse in Well Wed Magazine -  Amy Kuschel Bride  ","Muse in Well Wed Magazine -  Amy Kuschel Bride ","Muse in Well Wed Magazine"
"935","/images/claudette-cover-bride-bloom","http://52.8.25.218/sites/default/files/claudette-cover-bride-bloom-winter2010.jpg","Claudette on the cover of Bride & Bloom -  Amy Kuschel Bride  "," Claudette on the cover of Bride & Bloom -  Amy Kuschel Bride ","Claudette on the cover of Bride & Bloom"
"936","/images/genevieve-bride-bloom-winter-2010","http://52.8.25.218/sites/default/files/genevieve-bride-bloom-winter2010.jpg","Genevieve in Bride & Bloom Winter 2010 -  Amy Kuschel Bride  ","Genevieve in Bride & Bloom Winter 2010 -  Amy Kuschel Bride ","Genevieve in Bride & Bloom Winter 2010"
"937","/images/muse-bride-bloom-magazine-winter-2010","http://52.8.25.218/sites/default/files/muse-bride-bloom-winter2010.jpg","Muse in Bride & Bloom Magazine - Winter 2010 -  Amy Kuschel Bride  ","Muse in Bride & Bloom Magazine - Winter 2010 -  Amy Kuschel Bride ","Muse in Bride & Bloom Magazine - Winter 2010"
"938","/images/voila-seattle-bride-magazine-springsummer-2010","http://52.8.25.218/sites/default/files/voila-seattle-bride.jpg","Voila in Seattle Bride Magazine Spring/Summer 2010 -  Amy Kuschel Bride  ","Voila in Seattle Bride Magazine Spring/Summer 2010 -  Amy Kuschel Bride ","Voila in Seattle Bride Magazine Spring/Summer 2010"
"957","/images/dream-vow-bride-magazine-summer-2010","http://52.8.25.218/sites/default/files/dream_vow_bride_summer_2010_.jpg","Dream in Vow Bride Magazine - Summer 2010 -  Amy Kuschel Bride  ","Dream in Vow Bride Magazine - Summer 2010 -  Amy Kuschel Bride ","Dream in Vow Bride Magazine - Summer 2010"
"958","/images/ashbury-vow-bride-magazine-summer-2010","http://52.8.25.218/sites/default/files/asbury_vow_bride_summer_2010.jpg","Ashbury  in Vow Bride Magazine - Summer 2010 -  Amy Kuschel Bride  ","Ashbury  in Vow Bride Magazine - Summer 2010 -  Amy Kuschel Bride ","Ashbury  in Vow Bride Magazine - Summer 2010"
"1041","/images/presley-martha-stewart-summer-2010","http://52.8.25.218/sites/default/files/presley_0.jpg","Presley in Martha Stewart Summer 2010 -  Amy Kuschel Bride  ","Presley in Martha Stewart Summer 2010 -  Amy Kuschel Bride ","Presley in Martha Stewart Summer 2010"
"1070","/images/butterfly-brides-magazine","http://52.8.25.218/sites/default/files/butterfly-brides-magazine.jpg","Butterfly in Brides Magazine -  Amy Kuschel Bride  ","Butterfly in Brides Magazine -  Amy Kuschel Bride ","Butterfly in Brides Magazine"
"1072","/images/butterfly-brides-magazine-amy-kuschel-bride","http://52.8.25.218/sites/default/files/butterfly-brides-magazine1.jpg","Butterfly in Brides Magazine -  Amy Kuschel Bride  ","Butterfly in Brides Magazine -  Amy Kuschel Bride ","Butterfly in Brides Magazine -  Amy Kuschel Bride"
"1122","/images/ballerina-inside-weddings-fall-2010","http://52.8.25.218/sites/default/files/ballerina_inside_weddings_fall_2010.jpg","Ballerina (a version of Ballet gown)  - Inside Weddings Fall 2010 ","Ballerina - Inside Weddings Fall 2010 -  Amy Kuschel Bride ","Ballerina - Inside Weddings Fall 2010"
"1273","/images/magnificent-flirt-rita-audrey-ceremony-magazine","http://52.8.25.218/sites/default/files/ceremony-2012.jpg","Magnificent Flirt, Bacall, Audrey in Ceremony Magazine. -  Amy Kuschel Bride  "," Magnificent Flirt, Bacall, Audrey in Ceremony Magazine.-  Amy Kuschel Bride ","Magnificent Flirt, Bacall, Audrey in Ceremony Magazine."
"1640","/images/valencia-bride-gallery-3","http://52.8.25.218/sites/default/files/images/all/ValenciaJourdanFairchild%26AndrewCountryLivingKentucky.jpg","Jourdan and Andrew wed in Kentucky, as featured in Country Living Magazine. Jourdan wears Amy Kuschel's Valencia gown. ","Jourdan and Andrew wed in Kentucky, as featured in Country Living Magazine. Jourdan wears Amy Kuschel's Valencia gown.","Valencia Bride Gallery"
"1641","/images/valencia-bride-gallery-7","http://52.8.25.218/sites/default/files/images/all/ValenicaJourdan%26AndrewKentuckyCountryLivingMagazine2013.jpg","Jourdan and Andrew wed in Kentucky, as featured in Country Living Magazine. Jourdan wears Amy Kuschel's Valencia gown. ","Jourdan and Andrew wed in Kentucky, as featured in Country Living Magazine. Jourdan wears Amy Kuschel's Valencia gown.","Valencia Bride Gallery"
"1652","/images/rita-bride-gallery-4","http://52.8.25.218/sites/default/files/images/all/RitaJaciKyleSFwineryFlower2013_0.jpg","Amy Kuschel's Rita gown worn by Jaci. Style Me Pretty, July 2013 ","Amy Kuschel's Rita gown worn by Jaci. Style Me Pretty, July 2013","Rita Bride Gallery"
"1653","/images/juniper-bride-gallery","http://52.8.25.218/sites/default/files/images/all/PoppyCarolynJacobAnnadelWinery2013.jpg","Carolyn & Jacob wed at Annadel Winery. Carolyn wears Amy Kuschel's Juniper gown, as seen in Today's Bride. ","Carolyn & Jacob wed at Annadel Winery. Carolyn wears Amy Kuschel's Juniper gown, as seen in Today's Bride.","Juniper Bride Gallery"
"1659","/images/poppy-bride-gallery-2","http://52.8.25.218/sites/default/files/images/all/PoppyLaurenJoeKissWisconsin2013_0.jpg","Lauren is wearing Amy Kuschel's Poppy gown. Style Me Pretty, January 2013. ","Lauren is wearing Amy Kuschel's Poppy gown. Style Me Pretty, January 2013.","Poppy Bride Gallery"
"1661","/images/eureka-bride-gallery-3","http://52.8.25.218/sites/default/files/images/all/EurekaJessica%26BrianVA2013_0.jpg","Jessica in Amy Kuschel's Eureka! wedding gown.  Wedding Chicks, July 2013. ","Jessica in Amy Kuschel's Eureka! wedding gown.  Wedding Chicks, July 2013.","Eureka Bride Gallery"
"1801","/images/clover-bride-gallery","http://52.8.25.218/sites/default/files/images/all/15081.jpg","Hilary in Amy Kuschel's Clover wedding dress. Photo courtesy of Hunter Photographic. 100 Layer Cake, December 2013. , Hilary & Kevin. Model wears Clover by Amy Kuschel. Photo courtesy of Hunter Photographic. 100 Layer Cake, December 2013. , Amy Kuschel's Clover gown worn by Hilary. Photo courtesy of Hunter Photographic. 100 Layer Cake, December 2013. ","Hilary in Amy Kuschel's Clover wedding dress. Photo courtesy of Hunter Photographic. 100 Layer Cake, December 2013.","Clover Bride Gallery"
"1802","/images/clover-bride-gallery","http://52.8.25.218/sites/default/files/images/all/15088.jpg","Hilary in Amy Kuschel's Clover wedding dress. Photo courtesy of Hunter Photographic. 100 Layer Cake, December 2013. , Hilary & Kevin. Model wears Clover by Amy Kuschel. Photo courtesy of Hunter Photographic. 100 Layer Cake, December 2013. , Amy Kuschel's Clover gown worn by Hilary. Photo courtesy of Hunter Photographic. 100 Layer Cake, December 2013. ","Hilary in Amy Kuschel's Clover wedding dress. Photo courtesy of Hunter Photographic. 100 Layer Cake, December 2013.","Clover Bride Gallery"
"1803","/images/clover-bride-gallery","http://52.8.25.218/sites/default/files/images/all/15083.jpg","Hilary in Amy Kuschel's Clover wedding dress. Photo courtesy of Hunter Photographic. 100 Layer Cake, December 2013. , Hilary & Kevin. Model wears Clover by Amy Kuschel. Photo courtesy of Hunter Photographic. 100 Layer Cake, December 2013. , Amy Kuschel's Clover gown worn by Hilary. Photo courtesy of Hunter Photographic. 100 Layer Cake, December 2013. ","Hilary in Amy Kuschel's Clover wedding dress. Photo courtesy of Hunter Photographic. 100 Layer Cake, December 2013.","Clover Bride Gallery"
"1833","/images/sabrina-bride-gallery","http://52.8.25.218/sites/default/files/images/all/Sabrina%20SMP-Onelove1.JPG","Amy Kuschel's Sabrina ""Takes the Plunge"" styled by WINK! Weddings. Photo courtesy of Onelove Photography. As seen on Style Me Pretty. , Amy Kuschel's Sabrina ""Takes the Plunge"" gown shown with Classy Chassis' vintage car. Photo courtesy of Onelove Photography. As seen on Style Me Pretty. , Amy Kuschel's Sabrina ""Takes the Plunge"" wedding dress. Floral by Seed Floral. Photo courtesy of Onelove Photography. As seen on Style Me Pretty. , Amy Kuschel's Sabrina ""Takes the Plunge"" gown shown with Classy Chassis' vintage car and Floral by Seed Floral. Photo courtesy of Onelove Photography. As seen on Style Me Pretty. , Amy Kuschel's Sabrina ""Takes the Plunge"" styled by WINK! Weddings. Photo courtesy of Onelove Photography. As seen on Style Me Pretty. ","Amy Kuschel's Sabrina ""Takes the Plunge"" styled by WINK! Weddings. Photo courtesy of Onelove Photography. As seen on Style Me Pretty.","Sabrina Bride Gallery"
"1834","/images/sabrina-bride-gallery","http://52.8.25.218/sites/default/files/images/all/Sabrina%20SMP-Onelove2.JPG","Amy Kuschel's Sabrina ""Takes the Plunge"" styled by WINK! Weddings. Photo courtesy of Onelove Photography. As seen on Style Me Pretty. , Amy Kuschel's Sabrina ""Takes the Plunge"" gown shown with Classy Chassis' vintage car. Photo courtesy of Onelove Photography. As seen on Style Me Pretty. , Amy Kuschel's Sabrina ""Takes the Plunge"" wedding dress. Floral by Seed Floral. Photo courtesy of Onelove Photography. As seen on Style Me Pretty. , Amy Kuschel's Sabrina ""Takes the Plunge"" gown shown with Classy Chassis' vintage car and Floral by Seed Floral. Photo courtesy of Onelove Photography. As seen on Style Me Pretty. , Amy Kuschel's Sabrina ""Takes the Plunge"" styled by WINK! Weddings. Photo courtesy of Onelove Photography. As seen on Style Me Pretty. ","Amy Kuschel's Sabrina ""Takes the Plunge"" styled by WINK! Weddings. Photo courtesy of Onelove Photography. As seen on Style Me Pretty.","Sabrina Bride Gallery"
"1837","/images/sabrina-bride-gallery","http://52.8.25.218/sites/default/files/images/all/Sabrina%20SMP-Onelove8.JPG","Amy Kuschel's Sabrina ""Takes the Plunge"" styled by WINK! Weddings. Photo courtesy of Onelove Photography. As seen on Style Me Pretty. , Amy Kuschel's Sabrina ""Takes the Plunge"" gown shown with Classy Chassis' vintage car. Photo courtesy of Onelove Photography. As seen on Style Me Pretty. , Amy Kuschel's Sabrina ""Takes the Plunge"" wedding dress. Floral by Seed Floral. Photo courtesy of Onelove Photography. As seen on Style Me Pretty. , Amy Kuschel's Sabrina ""Takes the Plunge"" gown shown with Classy Chassis' vintage car and Floral by Seed Floral. Photo courtesy of Onelove Photography. As seen on Style Me Pretty. , Amy Kuschel's Sabrina ""Takes the Plunge"" styled by WINK! Weddings. Photo courtesy of Onelove Photography. As seen on Style Me Pretty. ","Amy Kuschel's Sabrina ""Takes the Plunge"" styled by WINK! Weddings. Photo courtesy of Onelove Photography. As seen on Style Me Pretty.","Sabrina Bride Gallery"
"1835","/images/sabrina-bride-gallery","http://52.8.25.218/sites/default/files/images/all/Sabrina%20SMP-Onelove3.JPG","Amy Kuschel's Sabrina ""Takes the Plunge"" styled by WINK! Weddings. Photo courtesy of Onelove Photography. As seen on Style Me Pretty. , Amy Kuschel's Sabrina ""Takes the Plunge"" gown shown with Classy Chassis' vintage car. Photo courtesy of Onelove Photography. As seen on Style Me Pretty. , Amy Kuschel's Sabrina ""Takes the Plunge"" wedding dress. Floral by Seed Floral. Photo courtesy of Onelove Photography. As seen on Style Me Pretty. , Amy Kuschel's Sabrina ""Takes the Plunge"" gown shown with Classy Chassis' vintage car and Floral by Seed Floral. Photo courtesy of Onelove Photography. As seen on Style Me Pretty. , Amy Kuschel's Sabrina ""Takes the Plunge"" styled by WINK! Weddings. Photo courtesy of Onelove Photography. As seen on Style Me Pretty. ","Amy Kuschel's Sabrina ""Takes the Plunge"" styled by WINK! Weddings. Photo courtesy of Onelove Photography. As seen on Style Me Pretty.","Sabrina Bride Gallery"
"1836","/images/sabrina-bride-gallery","http://52.8.25.218/sites/default/files/images/all/Sabrina%20SMP-Onelove4.JPG","Amy Kuschel's Sabrina ""Takes the Plunge"" styled by WINK! Weddings. Photo courtesy of Onelove Photography. As seen on Style Me Pretty. , Amy Kuschel's Sabrina ""Takes the Plunge"" gown shown with Classy Chassis' vintage car. Photo courtesy of Onelove Photography. As seen on Style Me Pretty. , Amy Kuschel's Sabrina ""Takes the Plunge"" wedding dress. Floral by Seed Floral. Photo courtesy of Onelove Photography. As seen on Style Me Pretty. , Amy Kuschel's Sabrina ""Takes the Plunge"" gown shown with Classy Chassis' vintage car and Floral by Seed Floral. Photo courtesy of Onelove Photography. As seen on Style Me Pretty. , Amy Kuschel's Sabrina ""Takes the Plunge"" styled by WINK! Weddings. Photo courtesy of Onelove Photography. As seen on Style Me Pretty. ","Amy Kuschel's Sabrina ""Takes the Plunge"" styled by WINK! Weddings. Photo courtesy of Onelove Photography. As seen on Style Me Pretty.","Sabrina Bride Gallery"
"1930","/images/tulip-inside-weddings-spring-2014","http://52.8.25.218/sites/default/files/images/all/Inside%20Weddings%20Spring%202014%20-%20All%20About%20Allure-page-001.jpg","Tulip, an Amy Kuschel wedding dress in Petal Pink silk taffeta. Featured in Inside Weddings Spring 2014 ""All About Allure"". ","Tulip, an Amy Kuschel wedding dress in Petal Pink silk taffeta. Featured in Inside Weddings Spring 2014 ""All About Allure"".","Tulip in Inside Weddings Spring 2014"
"1943","/images/austen-bride-gallery","http://52.8.25.218/sites/default/files/images/all/Austen%20Devine%20Ranch%20%281%291.jpg","Austen in Petal Pink, a ballgown wedding dress by Amy Kuschel. Photographed at Devine Rance by Mike Larson. ","Austen in Petal Pink, a ballgown wedding dress by Amy Kuschel. Photographed at Devine Rance by Mike Larson.","Austen Bride Gallery"
"1944","/images/austen-bride-gallery-0","http://52.8.25.218/sites/default/files/images/all/Austen%20Devine%20Ranch%20%282%291.jpg","Romantic and charming in Petal Pink. Austen featured at Devine Ranch, photographed by Mike Larson. ","Romantic and charming in Petal Pink. Austen featured at Devine Ranch, photographed by Mike Larson.","Austen Bride Gallery"
"1945","/images/austen-bride-gallery-1","http://52.8.25.218/sites/default/files/images/all/Austen%20Devine%20Ranch%20%288%29.jpg","Austen in Petal Pink, a ballerina sihouette in silk taffeta by Amy Kuschel. Photography by Mike Larson. ","Austen in Petal Pink, a ballerina sihouette in silk taffeta by Amy Kuschel. Photography by Mike Larson.","Austen Bride Gallery"
"1951","/images/hemingway-bride-gallery-0","http://52.8.25.218/sites/default/files/images/all/Dundurn%20Castle%20Tara%20Mcmullen%20Photography%20%281%29.jpg","Amy Kuschel's glamorous and romantic silk chiffon wedding dress, Hemingway, photographed at Dundurn Castle by Tara McMullen Photography. As seen on Grey Likes Weddings. ","Amy Kuschel's glamorous and romantic silk chiffon wedding dress, Hemingway, photographed at Dundurn Castle by Tara McMullen Photography. As seen on Grey Likes Weddings.","Hemingway Bride Gallery"
"1952","/images/hemingway-bride-gallery-1","http://52.8.25.218/sites/default/files/images/all/Dundurn%20Castle%20Tara%20Mcmullen%20Photography%20%282%29.jpg","Hemingway, an Amy Kuschel wedding dress, styled for a romantic photo shoot at Dundurn Castle. As seen on Grey Likes Weddings. Tara McMullen Photography. ","Hemingway, an Amy Kuschel wedding dress, styled for a romantic photo shoot at Dundurn Castle. As seen on Grey Likes Weddings. Tara McMullen Photography.","Hemingway Bride Gallery"
"2040","/images/tara-chicago-style-weddings-magazine-septemberoctober-2014","http://52.8.25.218/sites/default/files/images/all/Graceful%20Eras1.jpg","Tara, Amy Kuschel's silk chiffon wedding dress feautred in Chicago Style Weddings Magazine September/October 2014. ","Tara, Amy Kuschel's silk chiffon wedding dress feautred in Chicago Style Weddings Magazine September/October 2014.","Tara in Chicago Style Weddings Magazine September/October 2014"
"2047","/images/san-francisco-chronicle","http://52.8.25.218/sites/default/files/images/all/SF%20Chronicle%20Top%20100.jpg","Featured in San Francisco Chronicle's Top 100 Shops, September 2014. ","Featured in San Francisco Chronicle's Top 100 Shops, September 2014.","San Francisco Chronicle"
"2139","/images/birkin-bella-notte-events","http://52.8.25.218/sites/default/files/images/all/KPL-4.jpg","Romantic Midsummer Nights styled in the woods of San Francisco featuring Birkin by Amy Kuschel. Cindy Danbom for Bella Notte Events. ","Romantic Midsummer Nights styled in the woods of San Francisco featuring Birkin by Amy Kuschel. Cindy Danbom for Bella Notte Events.","Birkin - Bella Notte Events"
"2140","/images/river-bella-notte-events","http://52.8.25.218/sites/default/files/images/all/KPL-26.jpg","Romantic Midsummer Nights styled in the woods of San Francisco featuring River by Amy Kuschel. Cindy Danbom for Bella Notte Events. ","Romantic Midsummer Nights styled in the woods of San Francisco featuring River by Amy Kuschel. Cindy Danbom for Bella Notte Events.","River - Bella Notte Events"
"2141","/images/birkin-bella-notte-events-0","http://52.8.25.218/sites/default/files/images/all/Birkin%20Shareable.jpg","Romantic Midsummer Nights styled in the woods of San Francisco featuring Birkin by Amy Kuschel. Styled by Cindy Danbom for Bella Notte Events. ","Romantic Midsummer Nights styled in the woods of San Francisco featuring Birkin by Amy Kuschel. Styled by Cindy Danbom for Bella Notte Events.","Birkin - Bella Notte Events"
"2196","/images/devine-ranch-styled-shoot","http://52.8.25.218/sites/default/files/images/all/DaniellePoffPhoto-48%281%29.jpg","Rustic elegance styled shoot at Devine Ranch. Photography: Danielle Poff Photography, http://www.daniellepoff.com ","Rustic elegance styled shoot at Devine Ranch. Photography: Danielle Poff Photography, http://www.daniellepoff.com","Devine Ranch Styled Shoot"
"2197","/images/devine-ranch-styled-shoot-0","http://52.8.25.218/sites/default/files/images/all/DaniellePoffPhoto-62%281%29.jpg","Rustic elegance styled shoot at Devine Ranch. Photography: Danielle Poff Photography, http://www.daniellepoff.com ","Rustic elegance styled shoot at Devine Ranch. Photography: Danielle Poff Photography, http://www.daniellepoff.com","Devine Ranch Styled Shoot"
"2198","/images/devine-ranch-styled-shoot-1","http://52.8.25.218/sites/default/files/images/all/DaniellePoffPhoto-76%281%29.jpg","Rustic elegance styled shoot at Devine Ranch. Photography: Danielle Poff Photography, http://www.daniellepoff.com ","Rustic elegance styled shoot at Devine Ranch. Photography: Danielle Poff Photography, http://www.daniellepoff.com","Devine Ranch Styled Shoot"
"2571","/images/london-cover-todays-bride-summer-2015","http://52.8.25.218/sites/default/files/images/all/todays_bride_cover_2015_web.jpg","Amy Kuschel London wedding gown featured in Today's Bride, Summer 2015 ","Amy Kuschel London wedding gown featured in Today's Bride, Summer 2015","London on the cover of Today's Bride, Summer 2015"
"2572","/images/peace-love-collection-todays-bride-2015","http://52.8.25.218/sites/default/files/images/all/todays_bride_1_web.jpg","Amy Kuschel's Birkin wedding dress in Today's Bride, 2015. Photo by Modern Love Photography , Amy Kuschel's Birkin lace wedding dress in Today's Bride, 2015. Photo by Modern Love Photography , Amy Kuschel's River lace wedding dress in Today's Bride, 2015. Photo by Modern Love Photography , Amy Kuschel's River lace wedding dress in Today's Bride, 2015. Photo by Modern Love Photography , Amy Kuschel's London lace wedding dress in Today's Bride, 2015. Photo by Modern Love Photography , Amy Kuschel's London lace wedding dress in Today's Bride, 2015. Photo by Modern Love Photography ","Amy Kuschel's Birkin wedding dress in Today's Bride, 2015. Photo by Modern Love Photography","Peace & Love Collection in Today's Bride, 2015"
"2573","/images/peace-love-collection-todays-bride-2015","http://52.8.25.218/sites/default/files/images/all/todays_bride_2_web.jpg","Amy Kuschel's Birkin wedding dress in Today's Bride, 2015. Photo by Modern Love Photography , Amy Kuschel's Birkin lace wedding dress in Today's Bride, 2015. Photo by Modern Love Photography , Amy Kuschel's River lace wedding dress in Today's Bride, 2015. Photo by Modern Love Photography , Amy Kuschel's River lace wedding dress in Today's Bride, 2015. Photo by Modern Love Photography , Amy Kuschel's London lace wedding dress in Today's Bride, 2015. Photo by Modern Love Photography , Amy Kuschel's London lace wedding dress in Today's Bride, 2015. Photo by Modern Love Photography ","Amy Kuschel's Birkin wedding dress in Today's Bride, 2015. Photo by Modern Love Photography","Peace & Love Collection in Today's Bride, 2015"
"2574","/images/peace-love-collection-todays-bride-2015","http://52.8.25.218/sites/default/files/images/all/todays_bride_3_web.jpg","Amy Kuschel's Birkin wedding dress in Today's Bride, 2015. Photo by Modern Love Photography , Amy Kuschel's Birkin lace wedding dress in Today's Bride, 2015. Photo by Modern Love Photography , Amy Kuschel's River lace wedding dress in Today's Bride, 2015. Photo by Modern Love Photography , Amy Kuschel's River lace wedding dress in Today's Bride, 2015. Photo by Modern Love Photography , Amy Kuschel's London lace wedding dress in Today's Bride, 2015. Photo by Modern Love Photography , Amy Kuschel's London lace wedding dress in Today's Bride, 2015. Photo by Modern Love Photography ","Amy Kuschel's Birkin wedding dress in Today's Bride, 2015. Photo by Modern Love Photography","Peace & Love Collection in Today's Bride, 2015"
"2575","/images/peace-love-collection-todays-bride-2015","http://52.8.25.218/sites/default/files/images/all/todays_bride_4_web.jpg","Amy Kuschel's Birkin wedding dress in Today's Bride, 2015. Photo by Modern Love Photography , Amy Kuschel's Birkin lace wedding dress in Today's Bride, 2015. Photo by Modern Love Photography , Amy Kuschel's River lace wedding dress in Today's Bride, 2015. Photo by Modern Love Photography , Amy Kuschel's River lace wedding dress in Today's Bride, 2015. Photo by Modern Love Photography , Amy Kuschel's London lace wedding dress in Today's Bride, 2015. Photo by Modern Love Photography , Amy Kuschel's London lace wedding dress in Today's Bride, 2015. Photo by Modern Love Photography ","Amy Kuschel's Birkin wedding dress in Today's Bride, 2015. Photo by Modern Love Photography","Peace & Love Collection in Today's Bride, 2015"
"2576","/images/peace-love-collection-todays-bride-2015","http://52.8.25.218/sites/default/files/images/all/todays_bride_6_web.jpg","Amy Kuschel's Birkin wedding dress in Today's Bride, 2015. Photo by Modern Love Photography , Amy Kuschel's Birkin lace wedding dress in Today's Bride, 2015. Photo by Modern Love Photography , Amy Kuschel's River lace wedding dress in Today's Bride, 2015. Photo by Modern Love Photography , Amy Kuschel's River lace wedding dress in Today's Bride, 2015. Photo by Modern Love Photography , Amy Kuschel's London lace wedding dress in Today's Bride, 2015. Photo by Modern Love Photography , Amy Kuschel's London lace wedding dress in Today's Bride, 2015. Photo by Modern Love Photography ","Amy Kuschel's Birkin wedding dress in Today's Bride, 2015. Photo by Modern Love Photography","Peace & Love Collection in Today's Bride, 2015"
"2577","/images/peace-love-collection-todays-bride-2015","http://52.8.25.218/sites/default/files/images/all/todays_bride_7_web.jpg","Amy Kuschel's Birkin wedding dress in Today's Bride, 2015. Photo by Modern Love Photography , Amy Kuschel's Birkin lace wedding dress in Today's Bride, 2015. Photo by Modern Love Photography , Amy Kuschel's River lace wedding dress in Today's Bride, 2015. Photo by Modern Love Photography , Amy Kuschel's River lace wedding dress in Today's Bride, 2015. Photo by Modern Love Photography , Amy Kuschel's London lace wedding dress in Today's Bride, 2015. Photo by Modern Love Photography , Amy Kuschel's London lace wedding dress in Today's Bride, 2015. Photo by Modern Love Photography ","Amy Kuschel's Birkin wedding dress in Today's Bride, 2015. Photo by Modern Love Photography","Peace & Love Collection in Today's Bride, 2015"
"2919","/images/california-dreaming-collection-todays-bride-2017","http://52.8.25.218/sites/default/files/images/all/Pfeiffer.jpg","Pfeiffer, Amy Kuschel lace wedding gown made in San Francisco. Photo: Modern Love Photography, Hair & Makeup: Lindsay Skog ","Pfeiffer, Amy Kuschel lace wedding gown made in San Francisco. Photo: Modern Love Photography, Hair & Makeup: Lindsay Skog","California Dreaming Collection in Today's Bride 2017"
"2920","/images/california-dreaming-collection-todays-bride-2017-0","http://52.8.25.218/sites/default/files/images/all/Mingle.jpg","Mingle, Amy Kuschel little white dress made in San Francisco. Photo: Modern Love Photography, Hair & Makeup: Lindsay Skog ","Mingle, Amy Kuschel little white dress made in San Francisco. Photo: Modern Love Photography, Hair & Makeup: Lindsay Skog","California Dreaming Collection in Today's Bride 2017"
"2921","/images/calistoga-cover-todays-bride-2017","http://52.8.25.218/sites/default/files/images/all/Cover-Summer-2017-lrg.jpg","Calistoga, Amy Kuschel wedding gown made in San Francisco. Photo: Modern Love Photography, Hair & Makeup: Lindsay Skog ","Calistoga, Amy Kuschel wedding gown made in San Francisco. Photo: Modern Love Photography, Hair & Makeup: Lindsay Skog","Calistoga on the cover of Today's Bride 2017"
"3060","/images/ellery-bride-gallery","http://52.8.25.218/sites/default/files/images/all/willowdalestyledshoots-44.jpg","Ellery lace wedding dress, made in San Francisco by Amy Kuschel. Catherine Threlkeld Photography ","Ellery lace wedding dress, made in San Francisco by Amy Kuschel. Catherine Threlkeld Photography","Ellery Bride Gallery"
"3061","/images/ellery-bride-gallery-0","http://52.8.25.218/sites/default/files/images/all/willowdalestyledshoots-115.jpg","Wedding details - open back lace wedding dress made in San Francisco, hair by Tiffany Cantin, flowers by The Wild Dahlia, Photo by Catherine Threlkeld ","Wedding details - open back lace wedding dress made in San Francisco, hair by Tiffany Cantin, flowers by The Wild Dahlia, Photo by Catherine Threlkeld","Ellery Bride Gallery"
